{
  "value_count": 92398176,
  "raw_float32_bytes": 369592704,
  "settings": {
    "zstd_level": 9,
    "zstd_threads": 0,
    "sign_rle_level": 3,
    "lzma_preset": 6,
    "chunk_values": 8000000,
    "limit_blocks": 0,
    "limit_values": 0,
    "skip_bitshuffle": true,
    "bitshuffle_mode": "auto",
    "keep_temp": false,
    "profile_range": null
  },
  "sign": {
    "best_bytes": 4124800,
    "best_method": "bitpack+lzma",
    "best_seconds": 4.4930453000015405,
    "candidates": {
      "bitpack+zstd": 4790526,
      "bitpack+lzma": 4124800,
      "rle_lengths+zstd": 5436317,
      "rle_lengths+lzma": 4460888,
      "rle_deltas+zstd": 5868263,
      "rle_deltas+lzma": 4894000
    },
    "candidate_seconds": {
      "bitpack+zstd": 0.19932459999836283,
      "bitpack+lzma": 4.4930453000015405,
      "rle_lengths+zstd": 0.08237739999458427,
      "rle_lengths+lzma": 14.025620600008551,
      "rle_deltas+zstd": 0.09467799999765703,
      "rle_deltas+lzma": 15.954670300001453
    },
    "rle": {
      "run_count": 9376605,
      "max_run": 602303,
      "first_run_length": 194239,
      "length_dtype": "uint16"
    }
  },
  "mantissa": {
    "whole_zstd_bytes": 105253023,
    "whole_zstd_seconds": 4.2228871999977855,
    "whole_zstd_method": "mantissa23_packed+zstd",
    "pathL_lite_bytes": 143457557,
    "pathL_lite_seconds": 3.934822899995197,
    "pathL_lite_method": "mid15_raw_u16_zstd + hi4lo4_raw_zstd",
    "pathL_lite_detail": {
      "mid_bytes": 92782544,
      "mid_method": "mid15_raw_u16_zstd",
      "mid_seconds": 3.042478099996515,
      "mid_candidates": {
        "mid15_raw_u16_zstd": 92782544,
        "mid15_bytesplit_zstd": 105612332
      },
      "mid_candidate_seconds": {
        "mid15_raw_u16_zstd": 3.042478099996515,
        "mid15_bytesplit_zstd": 2.2359508000008645
      },
      "side_bytes": 50675013,
      "side_method": "hi4lo4_raw_zstd",
      "side_seconds": 0.892344799998682,
      "side_candidates": {
        "hi4lo4_raw_zstd": 50675013
      },
      "side_candidate_seconds": {
        "hi4lo4_raw_zstd": 0.892344799998682
      }
    }
  },
  "timing": {
    "pass1_wall_seconds": 17.706644500001858,
    "pass1_compressor_seconds": 15.08603079999375,
    "pass1_preprocess_overhead_seconds": 2.620613700008107,
    "pass2_wall_seconds": 30.983966799998598,
    "pass2_compressor_seconds": 30.157346300002246,
    "pass2_preprocess_overhead_seconds": 0.826620499996352
  },
  "combined_schemes": [
    {
      "scheme": "PostData predicted exp + sign-best + PathL-lite",
      "sign_bytes": 4124800,
      "sign_method": "bitpack+lzma",
      "sign_seconds": 4.4930453000015405,
      "exp_bytes": 14244078.0,
      "exp_source": "provided_exp_bytes",
      "exp_seconds": null,
      "mant_bytes": 143457557,
      "mant_method": "mid15_raw_u16_zstd + hi4lo4_raw_zstd",
      "mant_seconds": 3.934822899995197,
      "total_bytes": 161826435.0,
      "aux_seconds": 8.427868199996738,
      "total_seconds": null,
      "bits_per_value": 14.011223338434732,
      "compression_ratio_vs_float32": 2.2838833717124154,
      "space_saving_ratio": 0.5621492706739146,
      "exponent_method": "actual global_diag range-coded exponent bitstream"
    },
    {
      "scheme": "PostData predicted exp + sign-best + mantissa-whole-zstd",
      "sign_bytes": 4124800,
      "sign_method": "bitpack+lzma",
      "sign_seconds": 4.4930453000015405,
      "exp_bytes": 14244078.0,
      "exp_source": "provided_exp_bytes",
      "exp_seconds": null,
      "mant_bytes": 105253023,
      "mant_method": "mantissa23_packed+zstd",
      "mant_seconds": 4.2228871999977855,
      "total_bytes": 123621901.0,
      "aux_seconds": 8.715932499999326,
      "total_seconds": null,
      "bits_per_value": 10.703406179792987,
      "compression_ratio_vs_float32": 2.9897024799837046,
      "space_saving_ratio": 0.6655185568814692,
      "exponent_method": "actual global_diag range-coded exponent bitstream"
    }
  ]
}